[{"Nombre":"CASA BLANCA","Descripción":"Elaborada en Bélgica con métodos tradicionales, se puede considerar española pues la hacen empresarios madrileños para el mercado nacional. De sus variedades destaca esta blanca de trigo, ligera y suave.","Graduación":"5º","Envase":"Botella de 33cl","Precio":"1,50€","_id":"55ba10d3aaed47bc8bd3e7ddc567302a"},{"Nombre":"MORITZ","Descripción":"Una cerveza casi artesanal, que es una institución en Barcelona desde 1856. En su elaboración se emplean agua de un manantial de Vichy Catalán y flores de lúpulo en lugar de extractos, lo que le confiere más aroma y menos amargor.","Graduación":"5,4º","Envase":"Botella de 33cl","Precio":"1,20€","_id":"3931995217374be288b66b6f373d9bc2"},{"Nombre":"ÁMBAR ESPECIAL","Descripción":"La Zaragozana es una centenaria fábrica de cervezas de la capital zaragozana. Ofrece una amplia variedad. La más atractiva es esta Especial, una lager de baja fermentación que resulta muy fácil y agradable de beber.","Graduación":"5,2º","Envase":"Botella de 33cl","Precio":"0,90€","_id":"5204bad8e7aa42dc942b6a15bbf7b5f3"},{"Nombre":"VOLL DAMM","Descripción":"Elaborada con el doble de malta, lo que le proporciona un sabor muy característico, y un cuerpo intenso y peculiar, diferente de otras. Alta graduación alcohólica. Adecuada para tomar como copa.","Graduación":"7,2º","Envase":"Botella de 33cl","Precio":"1,10€","_id":"2979b22b2de74783a0d70f06a84ba632"},{"Nombre":"CRUZ CAMPO GRAN RESERVA 1904","Descripción":"Cerveza cien por cien malta, de gran calidad. Intensa y equilibrada, con agradable final amargo. Graduación muy adecuada para acompañar cualquier tipo de comida.","Graduación":"6,4º","Envase":"Botella de 33cl","Precio":"1€","_id":"c80c1934f50c4339addf9c6784cbc812"},{"Nombre":"SAN MIGUEL 1516","Descripción":"Entre las varias opciones de esta marca, una de las más internacionales de las españolas, destaca esta 1516 elaborada según métodos tradicionales. Fresca, amarga y con baja graduación, lo que la hace muy agradable a cualquier hora.","Graduación":"4,2º","Envase":"Botella de 33 cl.","Precio":"0,80€","_id":"f6bc2fd5554e403985d23e9f466576dc"},{"Nombre":"MAHOU CINCO ESTRELLAS","Descripción":"Un auténtico clásico entre nuestras cervezas. Muy ligera y agradable, resulta especialmente refrescante. Con una ligera acidez, sabor a cebada tostada y un correcto amargor final.","Graduación":"5,5º","Envase":"Pack de 6 botellines de 25 cl.","Precio":"2,70 euros.","_id":"100aae5e7f644df3b324f4fa47fdddc2"},{"Nombre":"ALHAMBRA 1925","Descripción":"Con su característica botella de color verde, se trata de una cerveza extra con una graduación de 6,8º. Se distingue por su peculiar toque acaramelado y por su perfecto y refrescante amargor final.Gran cuerpo y mucho equilibrio.","Graduación":"6,8º","Envase":"Botella de 33 cl.","Precio":"1€","_id":"b15f47b2f0d949e2b86c51992f7b993a"},{"Nombre":"DAMM INEDIT","Descripción":"Creada por los cerveceros de Damm junto a Ferrán Adriá y los sumilleres de El Bulli, se elabora con una mezcla de malta de cebada y trigo aromatizada con cilantro, piel de naranja y regaliz.","Graduación":"4,8º","Envase":"Botella de 75cl","Precio":"3,90€","_id":"cbedfb37fe054835a49b68b057684ce9"}]